File,Prediction
email0.txt,1
email1.txt,1
email2.txt,1
email3.txt,0
email4.txt,0
email5.txt,1
email6.txt,0
email7.txt,1
email8.txt,1
email9.txt,1
email10.txt,1
email11.txt,0
email12.txt,1
email13.txt,1
email14.txt,1
email15.txt,0
email16.txt,1
email17.txt,0
email18.txt,1
email19.txt,0
email20.txt,1
email21.txt,0
email22.txt,1
email23.txt,1
email24.txt,1
email25.txt,0
email26.txt,0
email27.txt,1
email28.txt,1
email29.txt,1
email30.txt,1
email31.txt,1
email32.txt,1
email33.txt,1
email34.txt,0
email35.txt,0
email36.txt,0
email37.txt,1
email38.txt,1
email39.txt,0
email40.txt,1
email41.txt,0
email42.txt,0
email43.txt,0
email44.txt,1
email45.txt,0
email46.txt,0
email47.txt,0
email48.txt,0
email49.txt,0
email50.txt,0
email51.txt,0
email52.txt,0
email53.txt,1
email54.txt,1
email55.txt,0
email56.txt,1
email57.txt,0
email58.txt,1
email59.txt,1
email60.txt,0
email61.txt,0
email62.txt,0
email63.txt,0
email64.txt,0
email65.txt,1
email66.txt,0
email67.txt,1
email68.txt,0
email69.txt,0
email70.txt,0
email71.txt,0
email72.txt,1
email73.txt,0
email74.txt,0
email75.txt,1
email76.txt,0
email77.txt,0
email78.txt,0
email79.txt,0
email80.txt,0
email81.txt,1
email82.txt,1
email83.txt,1
email84.txt,0
email85.txt,1
email86.txt,0
email87.txt,0
email88.txt,0
email89.txt,0
email90.txt,0
email91.txt,1
email92.txt,1
email93.txt,1
email94.txt,0
email95.txt,0
email96.txt,0
email97.txt,0
email98.txt,0
email99.txt,0
email100.txt,1
email101.txt,0
email102.txt,1
email103.txt,0
email104.txt,1
email105.txt,0
email106.txt,1
email107.txt,0
email108.txt,0
email109.txt,1
email110.txt,1
email111.txt,1
email112.txt,1
email113.txt,0
email114.txt,1
email115.txt,1
email116.txt,0
email117.txt,1
email118.txt,1
email119.txt,1
email120.txt,1
email121.txt,1
email122.txt,1
email123.txt,1
email124.txt,1
email125.txt,0
email126.txt,1
email127.txt,1
email128.txt,1
email129.txt,1
email130.txt,1
email131.txt,1
email132.txt,0
email133.txt,1
email134.txt,1
email135.txt,1
email136.txt,0
email137.txt,1
email138.txt,0
email139.txt,1
email140.txt,1
email141.txt,1
email142.txt,1
email143.txt,1
email144.txt,0
email145.txt,1
email146.txt,1
email147.txt,1
email148.txt,1
email149.txt,1
email150.txt,0
email151.txt,1
email152.txt,0
email153.txt,1
email154.txt,1
email155.txt,1
email156.txt,1
email157.txt,1
email158.txt,1
email159.txt,1
email160.txt,0
email161.txt,1
email162.txt,1
email163.txt,1
email164.txt,0
email165.txt,1
email166.txt,0
email167.txt,0
email168.txt,1
email169.txt,0
email170.txt,0
email171.txt,0
email172.txt,0
email173.txt,1
email174.txt,1
email175.txt,1
email176.txt,0
email177.txt,1
email178.txt,1
email179.txt,0
email180.txt,1
email181.txt,0
email182.txt,0
email183.txt,0
email184.txt,0
email185.txt,0
email186.txt,1
email187.txt,1
email188.txt,0
email189.txt,0
email190.txt,1
email191.txt,1
email192.txt,0
email193.txt,0
email194.txt,1
email195.txt,0
email196.txt,0
email197.txt,1
email198.txt,1
email199.txt,0
email200.txt,0
email201.txt,0
email202.txt,0
email203.txt,0
email204.txt,1
email205.txt,0
email206.txt,1
email207.txt,0
email208.txt,0
email209.txt,0
email210.txt,1
email211.txt,1
email212.txt,1
email213.txt,0
email214.txt,0
email215.txt,1
email216.txt,1
email217.txt,1
email218.txt,1
email219.txt,1
email220.txt,1
email221.txt,0
email222.txt,0
email223.txt,1
email224.txt,0
email225.txt,1
email226.txt,0
email227.txt,0
email228.txt,1
email229.txt,1
email230.txt,0
email231.txt,0
email232.txt,1
email233.txt,1
email234.txt,1
email235.txt,1
email236.txt,1
email237.txt,1
email238.txt,0
email239.txt,1
email240.txt,0
email241.txt,0
email242.txt,1
email243.txt,0
email244.txt,1
email245.txt,1
email246.txt,0
email247.txt,1
email248.txt,1
email249.txt,1
email250.txt,1
email251.txt,1
email252.txt,0
email253.txt,0
email254.txt,0
email255.txt,1
email256.txt,0
email257.txt,1
email258.txt,0
email259.txt,1
email260.txt,0
email261.txt,0
email262.txt,0
email263.txt,0
email264.txt,1
email265.txt,0
email266.txt,0
email267.txt,1
email268.txt,0
email269.txt,1
email270.txt,0
email271.txt,0
email272.txt,1
email273.txt,1
email274.txt,0
email275.txt,1
email276.txt,1
email277.txt,1
email278.txt,1
email279.txt,1
email280.txt,0
email281.txt,0
email282.txt,0
email283.txt,0
email284.txt,0
email285.txt,1
email286.txt,1
email287.txt,1
email288.txt,0
email289.txt,0
email290.txt,0
email291.txt,1
email292.txt,1
email293.txt,1
email294.txt,0
email295.txt,0
email296.txt,1
email297.txt,1
email298.txt,1
email299.txt,1
email300.txt,1
email301.txt,1
email302.txt,0
email303.txt,0
email304.txt,1
email305.txt,0
email306.txt,1
email307.txt,0
email308.txt,0
email309.txt,1
email310.txt,1
email311.txt,0
email312.txt,0
email313.txt,1
email314.txt,0
email315.txt,0
email316.txt,0
email317.txt,1
email318.txt,0
email319.txt,0
email320.txt,1
email321.txt,1
email322.txt,0
email323.txt,1
email324.txt,1
email325.txt,0
email326.txt,1
email327.txt,0
email328.txt,0
email329.txt,1
email330.txt,0
email331.txt,1
email332.txt,0
email333.txt,0
email334.txt,1
email335.txt,0
email336.txt,0
email337.txt,1
email338.txt,1
email339.txt,0
email340.txt,1
email341.txt,0
email342.txt,0
email343.txt,1
email344.txt,1
email345.txt,0
email346.txt,1
email347.txt,0
email348.txt,1
email349.txt,1
email350.txt,0
email351.txt,0
email352.txt,1
email353.txt,1
email354.txt,0
email355.txt,0
email356.txt,0
email357.txt,1
email358.txt,1
email359.txt,1
email360.txt,1
email361.txt,1
email362.txt,1
email363.txt,0
email364.txt,0
email365.txt,0
email366.txt,0
email367.txt,0
email368.txt,1
email369.txt,1
email370.txt,1
email371.txt,0
email372.txt,0
email373.txt,0
email374.txt,0
email375.txt,1
email376.txt,0
email377.txt,0
email378.txt,0
email379.txt,1
email380.txt,0
email381.txt,0
email382.txt,0
email383.txt,1
email384.txt,0
email385.txt,0
email386.txt,1
email387.txt,1
email388.txt,1
email389.txt,0
email390.txt,0
email391.txt,0
email392.txt,1
email393.txt,0
email394.txt,0
email395.txt,1
email396.txt,1
email397.txt,0
email398.txt,0
email399.txt,0
email400.txt,1
email401.txt,0
email402.txt,1
email403.txt,0
email404.txt,1
email405.txt,1
email406.txt,1
email407.txt,1
email408.txt,1
email409.txt,1
email410.txt,1
email411.txt,1
email412.txt,1
email413.txt,1
email414.txt,0
email415.txt,1
email416.txt,1
email417.txt,0
email418.txt,0
email419.txt,0
email420.txt,1
email421.txt,0
email422.txt,0
email423.txt,0
email424.txt,1
email425.txt,1
email426.txt,0
email427.txt,1
email428.txt,0
email429.txt,1
email430.txt,0
email431.txt,0
email432.txt,1
email433.txt,1
email434.txt,1
email435.txt,1
email436.txt,0
email437.txt,1
email438.txt,0
email439.txt,0
email440.txt,1
email441.txt,1
email442.txt,0
email443.txt,1
email444.txt,0
email445.txt,1
email446.txt,0
email447.txt,0
email448.txt,0
email449.txt,1
email450.txt,1
email451.txt,1
email452.txt,0
email453.txt,0
email454.txt,0
email455.txt,0
email456.txt,0
email457.txt,1
email458.txt,1
email459.txt,0
email460.txt,0
email461.txt,1
email462.txt,0
email463.txt,0
email464.txt,1
email465.txt,0
email466.txt,1
email467.txt,0
email468.txt,0
email469.txt,1
email470.txt,0
email471.txt,1
email472.txt,1
email473.txt,0
email474.txt,0
email475.txt,0
email476.txt,1
email477.txt,1
email478.txt,0
email479.txt,1
email480.txt,1
email481.txt,1
email482.txt,0
email483.txt,1
email484.txt,1
email485.txt,0
email486.txt,0
email487.txt,1
email488.txt,0
email489.txt,0
email490.txt,1
email491.txt,1
email492.txt,0
email493.txt,0
email494.txt,1
email495.txt,0
email496.txt,1
email497.txt,0
email498.txt,1
email499.txt,0
email500.txt,1
email501.txt,1
email502.txt,1
email503.txt,0
email504.txt,1
email505.txt,1
email506.txt,1
email507.txt,0
email508.txt,0
email509.txt,1
email510.txt,0
email511.txt,0
email512.txt,1
email513.txt,0
email514.txt,1
email515.txt,0
email516.txt,1
email517.txt,1
email518.txt,1
email519.txt,1
email520.txt,0
email521.txt,0
email522.txt,0
email523.txt,0
email524.txt,0
email525.txt,0
email526.txt,1
email527.txt,0
email528.txt,1
email529.txt,0
email530.txt,1
email531.txt,1
email532.txt,0
email533.txt,1
email534.txt,0
email535.txt,0
email536.txt,1
email537.txt,1
email538.txt,0
email539.txt,0
email540.txt,0
email541.txt,0
email542.txt,1
email543.txt,1
email544.txt,1
email545.txt,0
email546.txt,1
email547.txt,0
email548.txt,1
email549.txt,1
email550.txt,0
email551.txt,0
email552.txt,1
email553.txt,0
email554.txt,1
email555.txt,1
email556.txt,1
email557.txt,0
email558.txt,0
email559.txt,0
email560.txt,0
email561.txt,1
email562.txt,0
email563.txt,1
email564.txt,0
email565.txt,0
email566.txt,1
email567.txt,0
email568.txt,1
email569.txt,0
email570.txt,0
email571.txt,1
email572.txt,1
email573.txt,1
email574.txt,1
email575.txt,1
email576.txt,0
email577.txt,1
email578.txt,0
email579.txt,0
email580.txt,1
email581.txt,0
email582.txt,0
email583.txt,0
email584.txt,1
email585.txt,1
email586.txt,1
email587.txt,0
email588.txt,0
email589.txt,0
email590.txt,0
email591.txt,1
email592.txt,1
email593.txt,0
email594.txt,1
email595.txt,0
email596.txt,1
email597.txt,0
email598.txt,0
email599.txt,0
email600.txt,1
email601.txt,1
email602.txt,1
email603.txt,0
email604.txt,1
email605.txt,1
email606.txt,0
email607.txt,0
email608.txt,1
email609.txt,0
email610.txt,0
email611.txt,1
email612.txt,0
email613.txt,0
email614.txt,0
email615.txt,1
email616.txt,1
email617.txt,1
email618.txt,1
email619.txt,0
email620.txt,0
email621.txt,1
email622.txt,1
email623.txt,0
email624.txt,1
email625.txt,1
email626.txt,1
email627.txt,0
email628.txt,1
email629.txt,1
email630.txt,1
email631.txt,0
email632.txt,0
email633.txt,1
email634.txt,1
email635.txt,1
email636.txt,0
email637.txt,0
email638.txt,1
email639.txt,1
email640.txt,1
email641.txt,1
email642.txt,1
email643.txt,0
email644.txt,0
email645.txt,0
email646.txt,0
email647.txt,0
email648.txt,1
email649.txt,0
email650.txt,0
email651.txt,0
email652.txt,0
email653.txt,0
email654.txt,1
email655.txt,0
email656.txt,0
email657.txt,0
email658.txt,0
email659.txt,1
email660.txt,1
email661.txt,1
email662.txt,1
email663.txt,0
email664.txt,0
email665.txt,0
email666.txt,0
email667.txt,1
email668.txt,1
email669.txt,0
email670.txt,0
email671.txt,0
email672.txt,1
email673.txt,0
email674.txt,0
email675.txt,1
email676.txt,0
email677.txt,1
email678.txt,1
email679.txt,1
email680.txt,1
email681.txt,0
email682.txt,0
email683.txt,1
email684.txt,0
email685.txt,0
email686.txt,0
email687.txt,1
email688.txt,0
email689.txt,1
email690.txt,1
email691.txt,1
email692.txt,1
email693.txt,1
email694.txt,0
email695.txt,1
email696.txt,1
email697.txt,0
email698.txt,1
email699.txt,0
email700.txt,0
email701.txt,1
email702.txt,1
email703.txt,1
email704.txt,1
email705.txt,1
email706.txt,0
email707.txt,1
email708.txt,0
email709.txt,0
email710.txt,0
email711.txt,1
email712.txt,0
email713.txt,0
email714.txt,1
email715.txt,0
email716.txt,1
email717.txt,0
email718.txt,0
email719.txt,0
email720.txt,0
email721.txt,1
email722.txt,1
email723.txt,1
email724.txt,0
email725.txt,0
email726.txt,0
email727.txt,0
email728.txt,1
email729.txt,1
email730.txt,1
email731.txt,0
email732.txt,1
email733.txt,1
email734.txt,0
email735.txt,1
email736.txt,0
email737.txt,1
email738.txt,1
email739.txt,1
email740.txt,1
email741.txt,1
email742.txt,0
email743.txt,1
email744.txt,1
email745.txt,0
email746.txt,0
email747.txt,0
email748.txt,1
email749.txt,0
email750.txt,1
email751.txt,1
email752.txt,1
email753.txt,0
email754.txt,1
email755.txt,0
email756.txt,1
email757.txt,0
email758.txt,1
email759.txt,1
email760.txt,0
email761.txt,0
email762.txt,1
email763.txt,1
email764.txt,0
email765.txt,0
email766.txt,0
email767.txt,0
email768.txt,1
email769.txt,0
email770.txt,1
email771.txt,0
email772.txt,0
email773.txt,0
email774.txt,0
email775.txt,1
email776.txt,1
email777.txt,0
email778.txt,0
email779.txt,0
email780.txt,1
email781.txt,0
email782.txt,0
email783.txt,1
email784.txt,0
email785.txt,0
email786.txt,1
email787.txt,0
email788.txt,1
email789.txt,0
email790.txt,0
email791.txt,1
email792.txt,1
email793.txt,0
email794.txt,0
email795.txt,0
email796.txt,0
email797.txt,1
email798.txt,0
email799.txt,1
email800.txt,0
email801.txt,1
email802.txt,1
email803.txt,0
email804.txt,0
email805.txt,0
email806.txt,0
email807.txt,1
email808.txt,1
email809.txt,1
email810.txt,1
email811.txt,0
email812.txt,0
email813.txt,0
email814.txt,0
email815.txt,0
email816.txt,0
email817.txt,1
email818.txt,0
email819.txt,1
email820.txt,1
email821.txt,0
email822.txt,1
email823.txt,0
email824.txt,1
email825.txt,1
email826.txt,0
email827.txt,0
email828.txt,0
email829.txt,0
email830.txt,1
email831.txt,0
email832.txt,0
email833.txt,1
email834.txt,1
email835.txt,0
email836.txt,0
email837.txt,1
email838.txt,1
email839.txt,0
email840.txt,0
email841.txt,1
email842.txt,0
email843.txt,1
email844.txt,0
email845.txt,0
email846.txt,1
email847.txt,1
email848.txt,1
email849.txt,1
email850.txt,0
email851.txt,0
email852.txt,1
email853.txt,1
email854.txt,1
email855.txt,0
email856.txt,0
email857.txt,0
email858.txt,0
email859.txt,0
email860.txt,0
email861.txt,1
email862.txt,0
email863.txt,1
email864.txt,0
email865.txt,1
email866.txt,0
email867.txt,0
email868.txt,0
email869.txt,0
email870.txt,1
email871.txt,0
email872.txt,0
email873.txt,1
email874.txt,1
email875.txt,1
email876.txt,1
email877.txt,0
email878.txt,1
email879.txt,1
email880.txt,1
email881.txt,1
email882.txt,1
email883.txt,0
email884.txt,0
email885.txt,0
email886.txt,1
email887.txt,0
email888.txt,1
email889.txt,1
email890.txt,0
email891.txt,1
email892.txt,0
email893.txt,0
email894.txt,1
email895.txt,1
email896.txt,1
email897.txt,1
email898.txt,0
email899.txt,1
email900.txt,0
email901.txt,1
email902.txt,0
email903.txt,1
email904.txt,1
email905.txt,0
email906.txt,0
email907.txt,0
email908.txt,1
email909.txt,0
email910.txt,1
email911.txt,0
email912.txt,0
email913.txt,0
email914.txt,1
email915.txt,0
email916.txt,1
email917.txt,0
email918.txt,0
email919.txt,1
email920.txt,0
email921.txt,0
email922.txt,0
email923.txt,1
email924.txt,0
email925.txt,0
email926.txt,1
email927.txt,1
email928.txt,0
email929.txt,0
email930.txt,1
email931.txt,0
email932.txt,1
email933.txt,0
email934.txt,0
email935.txt,1
email936.txt,1
email937.txt,0
email938.txt,0
email939.txt,1
email940.txt,1
email941.txt,1
email942.txt,0
email943.txt,1
email944.txt,0
email945.txt,1
email946.txt,0
email947.txt,1
email948.txt,0
email949.txt,0
email950.txt,0
email951.txt,0
email952.txt,1
email953.txt,1
email954.txt,0
email955.txt,1
email956.txt,0
email957.txt,0
email958.txt,0
email959.txt,0
email960.txt,0
email961.txt,1
email962.txt,0
email963.txt,1
email964.txt,1
email965.txt,0
email966.txt,0
email967.txt,1
email968.txt,1
email969.txt,0
email970.txt,1
email971.txt,1
email972.txt,1
email973.txt,1
email974.txt,1
email975.txt,1
email976.txt,0
email977.txt,0
email978.txt,0
email979.txt,1
email980.txt,0
email981.txt,1
email982.txt,0
email983.txt,0
email984.txt,0
email985.txt,1
email986.txt,1
email987.txt,0
email988.txt,1
email989.txt,0
email990.txt,0
email991.txt,1
email992.txt,0
email993.txt,0
email994.txt,0
email995.txt,1
email996.txt,0
email997.txt,1
email998.txt,0
email999.txt,1
email1000.txt,0
email1001.txt,1
email1002.txt,0
email1003.txt,0
email1004.txt,0
email1005.txt,0
email1006.txt,1
email1007.txt,0
email1008.txt,1
email1009.txt,1
email1010.txt,0
email1011.txt,1
email1012.txt,1
email1013.txt,1
email1014.txt,1
email1015.txt,0
email1016.txt,0
email1017.txt,1
email1018.txt,1
email1019.txt,1
email1020.txt,0
email1021.txt,0
email1022.txt,1
email1023.txt,1
email1024.txt,1
email1025.txt,0
email1026.txt,1
email1027.txt,0
email1028.txt,0
email1029.txt,0
email1030.txt,1
email1031.txt,0
email1032.txt,0
email1033.txt,1
email1034.txt,0
email1035.txt,1
email1036.txt,0
email1037.txt,0
email1038.txt,1
email1039.txt,0
email1040.txt,0
email1041.txt,1
email1042.txt,1
email1043.txt,0
email1044.txt,0
email1045.txt,0
email1046.txt,0
email1047.txt,1
email1048.txt,1
email1049.txt,1
email1050.txt,0
email1051.txt,0
email1052.txt,1
email1053.txt,0
email1054.txt,0
email1055.txt,0
email1056.txt,0
email1057.txt,0
email1058.txt,1
email1059.txt,0
email1060.txt,1
email1061.txt,1
email1062.txt,1
email1063.txt,1
email1064.txt,0
email1065.txt,0
email1066.txt,0
email1067.txt,1
email1068.txt,1
email1069.txt,1
email1070.txt,0
email1071.txt,0
email1072.txt,1
email1073.txt,0
email1074.txt,0
email1075.txt,1
email1076.txt,1
email1077.txt,1
email1078.txt,0
email1079.txt,0
email1080.txt,1
email1081.txt,0
email1082.txt,0
email1083.txt,0
email1084.txt,1
email1085.txt,1
email1086.txt,1
email1087.txt,1
email1088.txt,0
email1089.txt,0
email1090.txt,1
email1091.txt,1
email1092.txt,0
email1093.txt,0
email1094.txt,1
email1095.txt,0
email1096.txt,1
email1097.txt,1
email1098.txt,1
email1099.txt,1
email1100.txt,0
email1101.txt,0
email1102.txt,0
email1103.txt,1
